"","Term","P.value","time_point"
"1","p53 signaling pathway",2.29817638790773e-07,6
"2","Cell cycle",8.62467727592527e-07,6
"3","Systemic lupus erythematosus",0.00026723735012148,6
"4","Pancreatic cancer",0.000495810397807434,6
"5","Viral carcinogenesis",0.000584999779790775,6
"6","Melanoma",0.00107694775671401,6
"7","ECM-receptor interaction",0.00124411545919793,6
"8","Small cell lung cancer",0.00153990786348155,6
"9","Transcriptional misregulation in cancer",0.00199656663324698,6
"10","Focal adhesion",0.00235896319241288,6
